T1973,Mechanic,2,Standard
T2184,Mechanic,2,Standard
T2280,Mechanic,1,Standard
T1781,Mechanic,2,Standard
T1935,Mechanic,2,Standard
T2154,Mechanic,2,Standard
T1901,Mechanic,2,Standard
T799,Mechanic,1,Standard
T817,Mechanic,2,Standard
T1743,Mechanic,8,Standard
T2077,Electrician,1,Standard
T1765,Mechanic,1,Standard
T2313,Mechanic,1,Standard
T2255,Sealer,1,Standard
T1764,Mechanic,2,Standard
T2138,Mechanic,1,Standard
T2013,Mechanic,1,Standard
T2262,Mechanic,1,Standard
T1949,Mechanic,2,Standard
T2159,Electrician,1,Standard
T2123,Mechanic,2,Standard
T1795,Electrician,1,Standard
T686,Mechanic,2,Standard
T2197,Sealer,1,Standard
T2226,Mechanic,2,Standard
T2076,Electrician,1,Standard
T2281,Mechanic,2,Standard
T2194,Mechanic,1,Standard
T2117,Mechanic,2,Standard
T1740,Mechanic,2,Standard
T2172,Mechanic,2,Standard
T1700,Mechanic,2,Standard
T2248,Electrician,1,Standard
T2292,Sealer,1,Standard
T1766,Mechanic,1,Standard
T1769,Electrician,1,Standard
T2042,Sealer,1,Standard
T1877,Mechanic,2,Standard
T815,Mechanic,1,Standard
T2299,Electrician,1,Standard
T2217,Mechanic,2,Standard
T1870,Mechanic,2,Standard
T1972,Mechanic,2,Standard
T1930,Mechanic,2,Standard
T1763,Mechanic,2,Standard
T2213,Sealer,1,Standard
T449,Electrician,1,Standard
T2190,Sealer,2,Standard
T1994,Sealer,1,Standard
T2096,Mechanic,1,Standard
T2025,Tester,1,Standard
T2033,Mechanic,2,Standard
T2116,Mechanic,1,Standard
T2268,Mechanic,2,Standard
T2165,Sealer,1,Standard
T1810,Sealer,1,Standard
T2088,Tester,1,Standard
T2137,Mechanic,1,Standard
T2122,Tester,1,Standard
T790,Electrician,1,Standard
T2011,Electrician,1,Standard
T1986,Mechanic,2,Standard
T2021,Mechanic,2,Standard
T2090,Mechanic,1,Standard
T1697,Mechanic,2,Standard
T2309,Mechanic,1,Standard
T2081,Electrician,1,Standard
T2075,Mechanic,1,Standard
T2218,Electrician,1,Standard
T1705,Tester,1,Standard
T1837,Mechanic,2,Standard
T1835,Mechanic,2,Standard
T2030,Mechanic,2,Standard
T1730,Tester,1,Standard
T2128,Mechanic,1,Expert
T2228,Mechanic,2,Standard
T2180,Sealer,1,Standard
T2118,Sealer,1,Standard
T1768,Electrician,1,Standard
T2060,Electrician,1,Standard
T1770,Electrician,1,Standard
T537,Mechanic,2,Standard
T1778,Tester,1,Standard
T1854,Mechanic,2,Standard
T2029,Mechanic,2,Standard
T2028,Mechanic,2,Standard
T2295,Electrician,1,Standard
T2133,Electrician,1,Standard
T1825,Mechanic,2,Standard
T849,Mechanic,4,Standard
T2247,Electrician,1,Standard
T1826,Sealer,1,Standard
T2067,Electrician,1,Standard
T1996,Mechanic,1,Standard
T2127,Mechanic,1,Standard
T2258,Mechanic,1,Standard
T1906,Electrician,1,Standard
T1799,Tester,1,Standard
T2148,Mechanic,1,Standard
T2048,Sealer,1,Standard
T884,Mechanic,3,Standard
T1713,Sealer,1,Standard
T781,Mechanic,2,Standard
T2260,Sealer,1,Standard
T1729,Tester,1,Standard
T2199,Tester,1,Standard
T1911,Mechanic,2,Standard
T2102,Mechanic,2,Standard
T2016,Mechanic,2,Standard
T1761,Mechanic,2,Standard
T2086,Mechanic,1,Standard
T813,Mechanic,1,Standard
T2140,Tester,1,Standard
T1861,Electrician,1,Standard
T1696,Sealer,2,Standard
T1907,Mechanic,2,Standard
T2131,Tester,1,Standard
T684,Mechanic,2,Standard
T2250,Sealer,2,Standard
T2135,Sealer,1,Standard
T2010,Mechanic,2,Standard
T2207,Sealer,1,Standard
T2097,Sealer,1,Standard
T935,Mechanic,1,Standard
T1701,Sealer,2,Standard
T2151,Mechanic,2,Standard
T1886,Sealer,1,Standard
T1779,Electrician,1,Standard
T367,Electrician,1,Standard
T1809,Sealer,1,Standard
T535,Mechanic,2,Standard
T1856,Mechanic,2,Standard
T2240,Mechanic,1,Standard
T1916,Tester,1,Standard
T1733,Tester,1,Standard
T1783,Sealer,1,Standard
T2034,Tester,1,Standard
T1847,Tester,1,Standard
T2236,Mechanic,1,Standard
T2296,Electrician,1,Standard
T1992,Mechanic,2,Standard
T1977,Tester,1,Standard
T2265,Mechanic,1,Standard
T1979,Sealer,1,Standard
T2176,Sealer,2,Standard
T2193,Tester,1,Standard
T1714,Mechanic,1,Standard
T1864,Mechanic,2,Standard
T944,Mechanic,1,Standard
T2300,Electrician,1,Standard
T1960,Mechanic,2,Standard
T1758,Electrician,1,Standard
T1922,Sealer,1,Standard
T1883,Tester,1,Standard
T2242,Mechanic,2,Standard
T2187,Tester,1,Standard
T1772,Sealer,1,Standard
T2196,Mechanic,1,Expert
T1946,Mechanic,2,Standard
T2006,Mechanic,2,Standard
T2232,Electrician,1,Standard
T1959,Sealer,1,Standard
T2195,Mechanic,1,Standard
T1875,Mechanic,2,Standard
T2267,Sealer,2,Standard
T2147,Tester,1,Standard
T2167,Tester,1,Standard
T2171,Sealer,2,Standard
T2124,Electrician,1,Standard
T2087,Sealer,1,Standard
T2297,Electrician,1,Standard
T2253,Mechanic,2,Standard
T1928,Sealer,1,Standard
T2005,Mechanic,2,Standard
T2023,Mechanic,2,Standard
T1755,Electrician,1,Standard
T1865,Electrician,1,Standard
T1712,Sealer,1,Standard
T1806,Cleaner,2,Standard
T2059,Mechanic,1,Standard
T1759,Tester,1,Standard
T2101,Mechanic,2,Standard
T1751,Sealer,1,Standard
T2189,Mechanic,2,Standard
T2125,Mechanic,2,Standard
T1813,Sealer,1,Standard
T1888,Mechanic,2,Standard
T2044,Electrician,1,Standard
T1807,Cleaner,2,Standard
T1844,Mechanic,1,Standard
T1752,Sealer,1,Standard
T2315,Electrician,1,Standard
T797,Mechanic,1,Standard
T1963,Sealer,1,Standard
T1881,Mechanic,1,Standard
T2121,Electrician,1,Standard
T2106,Mechanic,1,Standard
T2318,Mechanic,2,Standard
T1842,Mechanic,2,Standard
T1945,Sealer,1,Standard
T1849,Electrician,1,Standard
T2221,Mechanic,1,Standard
T2230,Mechanic,2,Standard
T2062,Mechanic,1,Standard
T2079,Electrician,1,Standard
T1735,Mechanic,2,Standard
T2286,Sealer,1,Standard
T2061,Mechanic,8,Standard
T1773,Sealer,1,Standard
T1859,Sealer,2,Standard
T1952,Tester,1,Standard
T1796,Electrician,1,Standard
T2009,Sealer,1,Standard
T1990,Mechanic,2,Standard
T2115,Sealer,1,Standard
T1747,Mechanic,1,Standard
T1836,Sealer,1,Standard
T1956,Mechanic,2,Standard
T515,Electrician,1,Standard
T2108,Electrician,1,Standard
T1840,Mechanic,2,Standard
T2051,Tester,1,Standard
T1736,Mechanic,2,Standard
T1951,Tester,1,Standard
T1943,Mechanic,1,Standard
T460,Mechanic,2,Standard
T2225,Mechanic,2,Standard
T1834,Sealer,1,Standard
T1819,Mechanic,1,Standard
T1985,Mechanic,1,Standard
T2099,Sealer,2,Standard
T2288,Mechanic,2,Standard
T2235,Mechanic,2,Standard
T2192,Mechanic,1,Standard
T823,Mechanic,1,Standard
T2307,Mechanic,2,Standard
T2136,Mechanic,1,Standard
T2314,Electrician,1,Standard
T2058,Sealer,4,Standard
T2095,Mechanic,1,Standard
T687,Mechanic,2,Standard
T2257,Electrician,1,Standard
T1821,Electrician,1,Standard
T2241,Sealer,1,Standard
T2305,Mechanic,1,Standard
T1698,Mechanic,2,Standard
T2157,Electrician,1,Standard
T1741,Mechanic,1,Standard
T1879,Tester,1,Standard
T2039,Mechanic,2,Standard
T1880,Mechanic,1,Standard
T1904,Tester,1,Standard
T2130,Tester,1,Standard
T2210,Assistant,2,Standard
T1760,Mechanic,2,Standard
T1874,Mechanic,2,Standard
T1900,Mechanic,1,Standard
T2272,Mechanic,2,Standard
T1934,Mechanic,2,Standard
T1839,Mechanic,2,Standard
T1699,Sealer,1,Standard
T2264,Sealer,1,Standard
T2072,Mechanic,1,Standard
T513,Electrician,1,Standard
T809,Mechanic,1,Standard
T1981,Mechanic,2,Standard
T2186,Mechanic,2,Standard
T1838,Mechanic,2,Standard
T2293,Tester,1,Standard
T1727,Mechanic,2,Standard
T1984,Mechanic,1,Standard
T2020,Mechanic,2,Standard
T1707,Mechanic,2,Standard
T2179,Mechanic,1,Standard
T1898,Mechanic,2,Standard
T1920,Electrician,1,Standard
T1908,Mechanic,2,Standard
T2170,Electrician,1,Standard
T2068,Mechanic,1,Standard
T1722,Mechanic,2,Standard
T2173,Sealer,1,Standard
T2139,Electrician,1,Standard
T1902,Tester,1,Standard
T1823,Mechanic,1,Standard
T2093,Mechanic,2,Standard
T1899,Tester,1,Standard
T1767,Mechanic,1,Standard
T2291,Tester,1,Standard
T1694,Sealer,2,Standard
T2049,Mechanic,2,Standard
T1896,Mechanic,2,Standard
T1925,Mechanic,1,Standard
T462,Mechanic,2,Standard
T2219,Tester,1,Standard
T1868,Electrician,1,Standard
T1974,Sealer,1,Standard
T2234,Electrician,1,Standard
T819,Mechanic,1,Standard
T1895,Mechanic,2,Standard
T2204,Electrician,1,Standard
T1792,Mechanic,2,Standard
T1726,Mechanic,1,Standard
T608,Electrician,1,Standard
T1953,Tester,1,Standard
T2150,Sealer,1,Standard
T1958,Sealer,2,Standard
T2259,Mechanic,1,Standard
T2055,Sealer,1,Standard
T2185,Mechanic,2,Standard
T2132,Mechanic,2,Standard
T1846,Tester,1,Standard
T1824,Mechanic,2,Standard
T2302,Mechanic,1,Expert
T2041,Sealer,1,Standard
T1954,Mechanic,2,Standard
T1862,Mechanic,1,Standard
T2071,Sealer,1,Standard
T1867,Electrician,1,Standard
T1968,Electrician,1,Standard
T1804,Cleaner,2,Standard
T481,Mechanic,1,Standard
T1983,Electrician,1,Standard
T2289,Sealer,2,Standard
T1950,Mechanic,2,Standard
T2113,Mechanic,2,Standard
T1827,Sealer,1,Standard
T2317,Mechanic,1,Standard
T2003,Mechanic,1,Standard
T1965,Sealer,1,Standard
T2191,Sealer,1,Standard
T2277,Mechanic,2,Standard
T1853,Tester,1,Standard
T1850,Mechanic,2,Standard
T2126,Sealer,1,Standard
T1692,Mechanic,2,Standard
T2019,Sealer,1,Standard
T2057,Sealer,2,Standard
T2129,Mechanic,1,Expert
T1988,Sealer,1,Standard
T1816,Tester,1,Standard
T2183,Mechanic,2,Standard
T2222,Mechanic,1,Standard
T1955,Mechanic,2,Standard
T2238,Mechanic,2,Standard
T2316,Mechanic,1,Standard
T2162,Mechanic,2,Standard
T1742,Electrician,1,Standard
T1771,Tester,1,Standard
T2233,Electrician,1,Standard
T2047,Tester,1,Standard
T1789,Mechanic,1,Standard
T1723,Sealer,2,Standard
T1744,Tester,1,Standard
T2270,Mechanic,2,Standard
T1873,Mechanic,2,Standard
T1872,Mechanic,2,Standard
T2223,Mechanic,1,Standard
T2050,Electrician,1,Standard
T2149,Sealer,2,Standard
T1732,Sealer,2,Standard
T2320,Mechanic,1,Standard
T2285,Mechanic,2,Standard
T2283,Mechanic,1,Standard
T1717,Sealer,2,Standard
T1724,Mechanic,1,Standard
T1933,Tester,1,Standard
T2256,Sealer,1,Standard
T2022,Mechanic,2,Standard
T1944,Electrician,1,Standard
T1969,Electrician,1,Standard
T803,Mechanic,1,Standard
T2169,Sealer,1,Standard
T1962,Mechanic,1,Standard
T2015,Mechanic,2,Standard
T927,Mechanic,2,Standard
T2274,Tester,1,Standard
T2038,Mechanic,1,Standard
T483,Mechanic,1,Standard
T2069,Electrician,1,Standard
T2064,Mechanic,1,Standard
T1876,Mechanic,2,Standard
T1805,Cleaner,2,Standard
T2156,Mechanic,1,Standard
T2275,Mechanic,1,Standard
T1903,Mechanic,1,Standard
T2143,Sealer,1,Standard
T1997,Tester,1,Standard
T1857,Tester,1,Standard
T2100,Mechanic,1,Standard
T1919,Tester,1,Standard
T350,Mechanic,1,Standard
T1786,Mechanic,1,Standard
T2298,Electrician,1,Standard
T2144,Sealer,2,Standard
T1793,Electrician,1,Standard
T2000,Electrician,1,Standard
T1923,Sealer,1,Standard
T1703,Electrician,1,Standard
T1915,Sealer,1,Standard
T2224,Mechanic,1,Standard
T2161,Electrician,1,Standard
T1746,Sealer,1,Standard
T1728,Mechanic,2,Standard
T1695,Sealer,1,Standard
T1794,Electrician,1,Standard
T1798,Mechanic,2,Standard
T1882,Mechanic,1,Standard
T2269,Sealer,2,Standard
T1815,Electrician,1,Standard
T2104,Tester,1,Standard
T1891,Mechanic,2,Standard
T2237,Sealer,1,Standard
T2109,Electrician,1,Standard
T2182,Sealer,2,Standard
T517,Electrician,1,Standard
T1852,Mechanic,2,Standard
T1889,Mechanic,2,Standard
T1924,Sealer,1,Standard
T792,Electrician,1,Standard
T1927,Mechanic,2,Standard
T2308,Mechanic,2,Standard
T1926,Mechanic,2,Standard
T805,Mechanic,1,Standard
T2254,Tester,1,Standard
T1897,Sealer,1,Standard
T2201,Mechanic,2,Standard
T811,Mechanic,1,Standard
T2114,Mechanic,2,Standard
T1785,Electrician,1,Standard
T2276,Mechanic,1,Standard
T875,Mechanic,4,Standard
T2110,Sealer,1,Standard
T1936,Mechanic,1,Standard
T1738,Electrician,1,Standard
T2304,Assistant,2,Standard
T2152,Electrician,1,Standard
T443,Mechanic,2,Standard
T1718,Mechanic,1,Standard
T2178,Mechanic,1,Standard
T1790,Mechanic,2,Standard
T2046,Tester,1,Standard
T1817,Electrician,1,Standard
T1812,Mechanic,1,Standard
T2263,Mechanic,1,Standard
T1832,Mechanic,2,Standard
T1929,Mechanic,2,Standard
T1869,Tester,1,Standard
T1843,Mechanic,1,Standard
T1885,Mechanic,2,Standard
T2166,Electrician,1,Standard
T2251,Mechanic,2,Standard
T1866,Mechanic,1,Standard
T2141,Mechanic,2,Standard
T1708,Sealer,2,Standard
T1791,Sealer,1,Standard
T2155,Sealer,2,Standard
T2074,Mechanic,1,Standard
T778,Mechanic,1,Standard
T1938,Mechanic,2,Standard
T1737,Tester,1,Standard
T2052,Tester,1,Standard
T1775,Mechanic,1,Standard
T1971,Sealer,1,Standard
T1710,Electrician,1,Standard
T2012,Mechanic,1,Standard
T1811,Mechanic,1,Standard
T2164,Mechanic,1,Standard
T2306,Tester,1,Standard
T1863,Mechanic,2,Standard
T1991,Sealer,1,Standard
T821,Mechanic,1,Standard
T1918,Electrician,1,Standard
T2043,Mechanic,2,Standard
T1964,Mechanic,2,Standard
T1719,Sealer,1,Standard
T1814,Mechanic,1,Standard
T1975,Sealer,1,Standard
T1999,Electrician,1,Standard
T2203,Mechanic,1,Standard
T2208,Tester,1,Standard
T1818,Sealer,1,Standard
T2163,Electrician,1,Standard
T2111,Mechanic,2,Standard
T2294,Tester,1,Standard
T2103,Mechanic,2,Standard
T801,Mechanic,1,Standard
T2119,Electrician,1,Standard
T1970,Sealer,1,Standard
T1982,Mechanic,2,Standard
T1720,Mechanic,2,Standard
T1940,Mechanic,2,Standard
T1750,Tester,1,Standard
T1932,Mechanic,1,Standard
T2026,Mechanic,2,Standard
T1855,Mechanic,2,Standard
T2053,Mechanic,1,Standard
T2310,Mechanic,2,Standard
T1753,Sealer,1,Standard
T1871,Mechanic,2,Standard
T1831,Mechanic,1,Standard
T1989,Sealer,2,Standard
T1978,Electrician,1,Standard
T1833,Mechanic,2,Standard
T1820,Mechanic,1,Standard
T2085,Mechanic,1,Standard
T2284,Sealer,1,Standard
T2054,Electrician,1,Standard
T2120,Mechanic,2,Standard
T1709,Sealer,1,Standard
T1937,Sealer,1,Standard
T2231,Mechanic,2,Standard
T2227,Tester,1,Standard
T2200,Mechanic,2,Standard
T2311,Sealer,1,Standard
T2084,Mechanic,1,Standard
T2146,Sealer,1,Standard
T2174,Mechanic,2,Standard
T2063,Mechanic,2,Standard
T807,Mechanic,1,Standard
T2153,Mechanic,2,Standard
T2040,Mechanic,2,Standard
T485,Mechanic,2,Standard
T1762,Mechanic,1,Standard
T2249,Sealer,1,Standard
T1851,Mechanic,2,Standard
T1961,Sealer,1,Standard
T2008,Tester,1,Standard
T1939,Electrician,1,Standard
T1725,Tester,1,Standard
T685,Mechanic,7,Standard
T2252,Mechanic,2,Standard
T1941,Sealer,1,Standard
T2036,Mechanic,1,Standard
T1947,Electrician,1,Standard
T1782,Mechanic,2,Standard
T2271,Mechanic,2,Standard
T1830,Mechanic,2,Standard
T2301,Electrician,1,Standard
T1912,Mechanic,2,Standard
T1776,Mechanic,1,Standard
T1803,Cleaner,2,Standard
T2098,Mechanic,2,Standard
T2287,Electrician,1,Standard
T2273,Mechanic,2,Standard
T1980,Sealer,1,Standard
T2181,Mechanic,2,Standard
T1910,Mechanic,2,Standard
T1797,Sealer,1,Standard
T2037,Mechanic,1,Standard
T2212,Tester,1,Standard
T2018,Mechanic,1,Standard
T2045,Tester,1,Standard
T2056,Sealer,1,Standard
T2092,Mechanic,2,Standard
T1931,Mechanic,1,Expert
T1957,Tester,1,Standard
T1777,Mechanic,1,Standard
T1788,Sealer,2,Standard
T2004,Sealer,1,Standard
T2216,Mechanic,2,Standard
T2105,Mechanic,1,Standard
T2080,Electrician,1,Standard
T1966,Mechanic,1,Standard
T1848,Mechanic,2,Standard
T2066,Mechanic,2,Standard
T1878,Mechanic,2,Standard
T1905,Sealer,1,Standard
T2279,Electrician,1,Standard
T2214,Mechanic,1,Standard
T1976,Mechanic,2,Standard
T2188,Mechanic,1,Standard
T1860,Mechanic,2,Standard
T2035,Sealer,1,Standard
T1995,Sealer,1,Standard
T917,Mechanic,2,Standard
T2278,Mechanic,2,Standard
T1887,Mechanic,2,Standard
T1993,Electrician,1,Standard
T1711,Tester,1,Standard
T2282,Tester,1,Standard
T1739,Tester,1,Standard
T2017,Electrician,1,Standard
T2112,Sealer,2,Standard
T1909,Mechanic,2,Standard
T1780,Sealer,2,Standard
T1987,Sealer,2,Standard
T1890,Mechanic,4,Standard
T2168,Mechanic,1,Standard
T1917,Tester,1,Standard
T1829,Mechanic,1,Standard
T2014,Tester,1,Standard
T2244,Mechanic,2,Standard
T1745,Sealer,1,Standard
T2158,Electrician,1,Standard
T1808,Mechanic,2,Standard
T2290,Tester,1,Standard
T2070,Mechanic,2,Standard
T1841,Mechanic,2,Standard
T1801,Cleaner,2,Standard
T2198,Mechanic,1,Standard
T1774,Mechanic,2,Standard
T2215,Electrician,1,Standard
T1884,Sealer,2,Standard
T1894,Tester,1,Standard
T2031,Tester,1,Standard
T2089,Tester,1,Standard
T1756,Electrician,1,Standard
T2209,Tester,1,Standard
T2027,Mechanic,2,Standard
T1828,Mechanic,1,Standard
T2205,Electrician,1,Standard
T2220,Electrician,1,Standard
T1721,Sealer,1,Standard
T2243,Tester,1,Standard
T1913,Sealer,1,Standard
T1893,Mechanic,2,Standard
T2091,Mechanic,2,Standard
T2245,Tester,1,Standard
T601,Electrician,1,Standard
T1845,Tester,1,Standard
T2239,Mechanic,2,Standard
T864,Mechanic,2,Standard
T1749,Electrician,1,Standard
T2321,Tester,1,Standard
T2177,Tester,1,Standard
T2142,Sealer,2,Standard
T1921,Tester,1,Standard
T2002,Tester,1,Standard
T2229,Mechanic,2,Standard
T1734,Mechanic,2,Standard
T2312,Mechanic,2,Standard
T2024,Mechanic,2,Standard
T2134,Mechanic,1,Standard
T1942,Sealer,1,Standard
T2319,Mechanic,2,Standard
T1892,Sealer,1,Standard
T2032,Mechanic,2,Standard
T2007,Mechanic,1,Standard
T1754,Sealer,1,Standard
T1702,Sealer,1,Standard
T1800,Tester,1,Standard
T1690,Sealer,1,Standard
T2202,Electrician,1,Standard
T866,Mechanic,2,Standard
T2083,Mechanic,1,Standard
T2261,Sealer,1,Standard
T1757,Electrician,1,Standard
T2094,Mechanic,2,Standard
T2001,Mechanic,2,Standard
