Id,Individual Index,Long Name,Calendar,Pool
Mechanic1,1,Mechanic 1,C1,Mechanic
Mechanic2,2,Mechanic 2,C1,Mechanic
Mechanic3,3,Mechanic 3,C1,Mechanic
Mechanic4,4,Mechanic 4,C1,Mechanic
Mechanic5,5,Mechanic 5,C1,Mechanic
Mechanic6,6,Mechanic 6,C1,Mechanic
Mechanic7,7,Mechanic 7,C1,Mechanic
Mechanic8,8,Mechanic 8,C1,Mechanic
Cleaner1,1,Cleaner 1,,Cleaner
Cleaner2,2,Cleaner 2,,Cleaner
Cleaner3,3,Cleaner 3,,Cleaner
Sealer1,1,Sealer 1,,Sealer
Sealer2,2,Sealer 2,,Sealer
Sealer3,3,Sealer 3,,Sealer
Sealer4,4,Sealer 4,,Sealer
Tester1,1,Tester 1,,Tester
Tester2,2,Tester 2,,Tester
Tester3,3,Tester 3,,Tester
Electrician1,1,Electrician 1,,Electrician
Assistant1,1,Assistant 1,,Assistant
Assistant2,2,Assistant 2,,Assistant
