Id,Long Name,Parent Module,Setup Time,Setup Cost
Mod334,Project Aircraft 35,,0,0
Mod335,Ventilation/AC,Mod334,0,10
Mod336,Ventilation/AC 336,Mod335,0,0
Mod337,Ventilation/AC 337,Mod336,0,0
Mod338,Ventilation/AC 338,Mod336,0,0
Mod339,Ventilation/AC 339,Mod336,0,0
Mod340,Ventilation/AC 340,Mod336,0,0
Mod341,Ventilation/AC 341,Mod336,0,0
Mod342,Ventilation/AC 342,Mod336,0,0
Mod343,Ventilation/AC 343,Mod335,0,0
Mod344,Ventilation/AC 344,Mod343,0,0
Mod345,Ventilation/AC 345,Mod343,0,0
Mod346,Ventilation/AC 346,Mod343,0,0
Mod347,Ventilation/AC 347,Mod343,0,0
Mod348,Ventilation/AC 348,Mod343,0,0
Mod349,Ventilation/AC 349,Mod335,0,0
Mod351,Ventilation/AC 351,Mod335,0,0
Mod352,Ventilation/AC 352,Mod335,0,0
Mod353,Ventilation/AC 353,Mod335,0,0
Mod354,Ventilation/AC 354,Mod335,0,0
Mod355,Ventilation/AC 355,Mod335,0,0
Mod356,Ventilation/AC 356,Mod335,0,0
Mod357,Ventilation/AC 357,Mod335,0,0
Mod358,Ventilation/AC 358,Mod335,0,0
Mod359,Ventilation/AC 359,Mod335,0,0
Mod360,Ventilation/AC 360,Mod335,0,0
Mod361,Ventilation/AC 361,Mod335,0,0
Mod362,Ventilation/AC 362,Mod335,0,0
Mod363,Ventilation/AC 363,Mod335,0,0
Mod364,Ventilation/AC 364,Mod335,0,0
Mod365,Ventilation/AC 365,Mod335,0,0
Mod366,Ventilation/AC 366,Mod335,0,0
Mod368,Ventilation/AC 368,Mod335,0,0
Mod369,Ventilation/AC 369,Mod335,0,0
Mod370,Leading edge,Mod334,0,10
Mod371,Leading edge 371,Mod370,0,0
Mod372,Leading edge 372,Mod371,0,0
Mod373,Leading edge 373,Mod371,0,0
Mod374,Leading edge 374,Mod370,0,0
Mod375,Leading edge 375,Mod374,0,0
Mod376,Leading edge 376,Mod374,0,0
Mod377,Leading edge 377,Mod374,0,0
Mod378,Leading edge 378,Mod370,0,0
Mod379,Leading edge 379,Mod378,0,0
Mod380,Leading edge 380,Mod378,0,0
Mod381,Leading edge 381,Mod378,0,0
Mod382,Leading edge 382,Mod370,0,0
Mod383,Leading edge 383,Mod382,0,0
Mod384,Leading edge 384,Mod382,0,0
Mod385,Leading edge 385,Mod370,0,0
Mod386,Leading edge 386,Mod385,0,0
Mod387,Leading edge 387,Mod385,0,0
Mod388,Leading edge 388,Mod370,0,0
Mod389,Leading edge 389,Mod388,0,0
Mod390,Leading edge 390,Mod388,0,0
Mod391,Leading edge 391,Mod370,0,0
Mod392,Leading edge 392,Mod370,0,0
Mod393,Leading edge 393,Mod370,0,0
Mod394,Leading edge 394,Mod370,0,0
Mod395,Leading edge 395,Mod370,0,0
Mod396,Leading edge 396,Mod370,0,0
Mod397,Leading edge 397,Mod370,0,0
Mod398,Leading edge 398,Mod370,0,0
Mod399,Leading edge 399,Mod370,0,0
Mod400,Leading edge 400,Mod370,0,0
Mod401,Leading edge 401,Mod370,0,0
Mod402,Black box,Mod334,0,10
Mod403,Black box 403,Mod402,0,0
Mod404,Black box 404,Mod402,0,0
Mod405,Black box 405,Mod402,0,0
Mod406,Fuel,Mod334,0,10
Mod407,Fuel 407,Mod406,0,0
Mod408,Fuel 408,Mod407,0,0
Mod409,Fuel 409,Mod407,0,0
Mod410,Fuel 410,Mod407,0,0
Mod411,Fuel 411,Mod407,0,0
Mod412,Fuel 412,Mod406,0,0
Mod413,Fuel 413,Mod412,0,0
Mod414,Fuel 414,Mod412,0,0
Mod415,Fuel 415,Mod406,0,0
Mod416,Fuel 416,Mod415,0,0
Mod417,Fuel 417,Mod415,0,0
Mod418,Fuel 418,Mod406,0,0
Mod419,Fuel 419,Mod418,0,0
Mod420,Fuel 420,Mod418,0,0
Mod421,Fuel 421,Mod418,0,0
Mod422,Fuel 422,Mod418,0,0
Mod423,Fuel 423,Mod418,0,0
Mod424,Fuel 424,Mod418,0,0
Mod425,Fuel 425,Mod418,0,0
Mod426,Fuel 426,Mod406,0,0
Mod427,Fuel 427,Mod426,0,0
Mod428,Fuel 428,Mod426,0,0
Mod429,Fuel 429,Mod426,0,0
Mod430,Fuel 430,Mod426,0,0
Mod431,Fuel 431,Mod406,0,0
Mod432,Fuel 432,Mod431,0,0
Mod433,Fuel 433,Mod431,0,0
Mod434,Fuel 434,Mod431,0,0
Mod435,Fuel 435,Mod431,0,0
Mod436,Fuel 436,Mod406,0,0
Mod437,Fuel 437,Mod436,0,0
Mod438,Fuel 438,Mod436,0,0
Mod439,Fuel 439,Mod436,0,0
Mod440,Fuel 440,Mod436,0,0
Mod441,Fuel 441,Mod406,0,0
Mod442,Fuel 442,Mod441,0,0
Mod444,Fuel 444,Mod441,0,0
Mod445,Fuel 445,Mod441,0,0
Mod446,Fuel 446,Mod441,0,0
Mod447,Fuel 447,Mod441,0,0
Mod448,Fuel 448,Mod441,0,0
Mod450,Fuel 450,Mod441,0,0
Mod451,Fuel 451,Mod406,0,0
Mod452,Fuel 452,Mod451,0,0
Mod453,Fuel 453,Mod451,0,0
Mod454,Fuel 454,Mod406,0,0
Mod455,Fuel 455,Mod454,0,0
Mod456,Fuel 456,Mod454,0,0
Mod457,Fuel 457,Mod454,0,0
Mod458,Fuel 458,Mod406,0,0
Mod459,Fuel 459,Mod458,0,0
Mod461,Fuel 461,Mod458,0,0
Mod463,Fuel 463,Mod406,0,0
Mod464,Fuel 464,Mod463,0,0
Mod465,Fuel 465,Mod463,0,0
Mod466,Fuel 466,Mod406,0,0
Mod467,Fuel 467,Mod466,0,0
Mod468,Fuel 468,Mod466,0,0
Mod469,Fuel 469,Mod406,0,0
Mod470,Fuel 470,Mod469,0,0
Mod471,Fuel 471,Mod469,0,0
Mod472,Fuel 472,Mod469,0,0
Mod473,Fuel 473,Mod406,0,0
Mod474,Fuel 474,Mod473,0,0
Mod475,Fuel 475,Mod473,0,0
Mod476,Fuel 476,Mod473,0,0
Mod477,Fuel 477,Mod406,0,0
Mod478,Fuel 478,Mod406,0,0
Mod479,Fuel 479,Mod406,0,0
Mod480,Fuel 480,Mod406,0,0
Mod482,Fuel 482,Mod406,0,0
Mod484,Fuel 484,Mod406,0,0
Mod486,Fuel 486,Mod406,0,0
Mod487,Fuel 487,Mod406,0,0
Mod488,Fuel 488,Mod406,0,0
Mod489,Fuel 489,Mod406,0,0
Mod490,Fuel 490,Mod406,0,0
Mod491,Fuel 491,Mod406,0,0
Mod492,Fuel 492,Mod406,0,0
Mod493,Fuel 493,Mod406,0,0
Mod494,Fuel 494,Mod406,0,0
Mod495,Fuel 495,Mod406,0,0
Mod496,Fuel 496,Mod406,0,0
Mod497,Fuel 497,Mod406,0,0
Mod498,Fuel 498,Mod406,0,0
Mod499,Fuel 499,Mod406,0,0
Mod500,Fuel 500,Mod406,0,0
Mod501,Fuel 501,Mod406,0,0
Mod502,Fuel 502,Mod406,0,0
Mod503,Fuel 503,Mod406,0,0
Mod504,Fuel 504,Mod406,0,0
Mod505,Fuel 505,Mod406,0,0
Mod506,Fuel 506,Mod406,0,0
Mod507,Fuel 507,Mod406,0,0
Mod508,Fuel 508,Mod406,0,0
Mod509,Fuel 509,Mod406,0,0
Mod510,Fuel 510,Mod406,0,0
Mod511,Fuel 511,Mod406,0,0
Mod512,Fuel 512,Mod406,0,0
Mod514,Fuel 514,Mod406,0,0
Mod516,Fuel 516,Mod406,0,0
Mod518,Fuel 518,Mod406,0,0
Mod519,Fuel 519,Mod406,0,0
Mod520,Fuel 520,Mod406,0,0
Mod522,Wings tests,Mod334,0,10
Mod523,Wings tests 523,Mod522,0,0
Mod524,Wings tests 524,Mod523,0,0
Mod525,Wings tests 525,Mod523,0,0
Mod526,Wings tests 526,Mod522,0,0
Mod527,Wings tests 527,Mod522,0,0
Mod528,Remove wings protec,Mod334,0,10
Mod529,Remove wings protec 529,Mod528,0,0
Mod530,Remove wings protec 530,Mod528,0,0
Mod531,Remove scaffold,Mod334,0,10
Mod532,Remove scaffold 532,Mod531,0,0
Mod534,Remove scaffold 534,Mod531,0,0
Mod536,Remove scaffold 536,Mod531,0,0
Mod538,Remove mount,Mod334,0,10
Mod539,Remove mount 539,Mod538,0,0
Mod540,Remove mount 540,Mod538,0,0
Mod541,Remove mount 541,Mod538,0,0
Mod542,Remove mount 542,Mod538,0,0
Mod543,Remove mount 543,Mod538,0,0
Mod544,Remove mount 544,Mod538,0,0
Mod545,Remove mount 545,Mod538,0,0
Mod546,Remove mount 546,Mod538,0,0
Mod547,Remove mount 547,Mod538,0,0
Mod548,Remove elec,Mod334,0,10
Mod549,Remove elec 549,Mod548,0,0
Mod550,Misc.,Mod334,0,10
Mod551,Misc. 551,Mod550,0,0
Mod552,Misc. 552,Mod550,0,0
Mod553,Misc. 553,Mod550,0,0
Mod554,Test elec,Mod334,0,10
Mod555,Test elec 555,Mod554,0,0
Mod556,Test elec 556,Mod554,0,0
Mod557,Test elec 557,Mod554,0,0
Mod558,Water/Plumb.,Mod334,0,10
Mod559,Water/Plumb. 559,Mod558,0,0
Mod560,Water/Plumb. 560,Mod558,0,0
Mod561,Water/Plumb. 561,Mod558,0,0
Mod562,Water/Plumb. 562,Mod558,0,0
Mod563,Water/Plumb. 563,Mod558,0,0
Mod564,Water/Plumb. 564,Mod558,0,0
Mod565,Water/Plumb. 565,Mod558,0,0
Mod566,Water/Plumb. 566,Mod558,0,0
Mod567,Water/Plumb. 567,Mod558,0,0
Mod568,Water/Plumb. 568,Mod558,0,0
Mod569,Water/Plumb. 569,Mod558,0,0
Mod570,Water/Plumb. 570,Mod558,0,0
Mod571,Water/Plumb. 571,Mod558,0,0
Mod572,Water/Plumb. 572,Mod558,0,0
Mod573,Water/Plumb. 573,Mod558,0,0
Mod574,Water/Plumb. 574,Mod558,0,0
Mod575,Water/Plumb. 575,Mod558,0,0
Mod576,Elec cargo,Mod334,0,10
Mod577,Elec cargo 577,Mod576,0,0
Mod578,Elec cargo 578,Mod576,0,0
Mod579,Elec cargo 579,Mod576,0,0
Mod580,Elec cargo 580,Mod576,0,0
Mod581,Elec cargo 581,Mod576,0,0
Mod582,Elec cargo 582,Mod576,0,0
Mod583,Elec cargo 583,Mod576,0,0
Mod584,Elec cargo 584,Mod576,0,0
Mod585,Elec cargo 585,Mod576,0,0
Mod586,Elec cargo 586,Mod576,0,0
Mod587,Elec cargo 587,Mod576,0,0
Mod588,Elec cargo 588,Mod576,0,0
Mod589,Elec cargo 589,Mod576,0,0
Mod590,Elec cargo 590,Mod576,0,0
Mod591,Elec cargo 591,Mod576,0,0
Mod592,Elec cargo 592,Mod576,0,0
Mod593,Elec cargo 593,Mod576,0,0
Mod594,Elec cargo 594,Mod576,0,0
Mod595,Elec cargo 595,Mod576,0,0
Mod596,Elec cargo 596,Mod576,0,0
Mod597,Elec cargo 597,Mod576,0,0
Mod598,Elec cargo 598,Mod576,0,0
Mod599,Elec cargo 599,Mod576,0,0
Mod600,Elec cargo 600,Mod576,0,0
Mod602,Elec cargo 602,Mod576,0,0
Mod603,Elec cargo 603,Mod576,0,0
Mod604,Elec cargo 604,Mod576,0,0
Mod605,Elec cargo 605,Mod576,0,0
Mod606,Elec cargo 606,Mod576,0,0
Mod607,Elec cargo 607,Mod576,0,0
Mod609,Elec cargo 609,Mod576,0,0
Mod610,Elec cargo 610,Mod576,0,0
Mod611,Elec cargo 611,Mod576,0,0
Mod612,Elec cargo 612,Mod576,0,0
Mod613,Tests comunication,Mod334,0,10
Mod614,Tests comunication 614,Mod613,0,0
Mod615,Tests comunication 615,Mod613,0,0
Mod616,Tests comunication 616,Mod613,0,0
Mod617,Tests comunication 617,Mod613,0,0
Mod618,Tests comunication 618,Mod613,0,0
Mod619,Test lights,Mod334,0,10
Mod620,Test lights 620,Mod619,0,0
Mod621,Test lights 621,Mod619,0,0
Mod622,Tests intruments,Mod334,0,10
Mod623,Tests intruments 623,Mod622,0,0
Mod624,Tests intruments 624,Mod622,0,0
Mod625,Tests navigation,Mod334,0,10
Mod626,Tests navigation 626,Mod625,0,0
Mod627,Tests navigation 627,Mod625,0,0
Mod628,Tests navigation 628,Mod625,0,0
Mod629,Tests navigation 629,Mod625,0,0
Mod630,Tests navigation 630,Mod625,0,0
Mod631,Tests navigation 631,Mod625,0,0
Mod632,Tests oxygen,Mod334,0,10
Mod633,Tests oxygen 633,Mod632,0,0
Mod634,Tests cabin,Mod334,0,10
Mod635,Tests cabin 635,Mod634,0,0
Mod636,Tests cabin 636,Mod634,0,0
Mod637,Tests cabin 637,Mod634,0,0
Mod638,Tests cabin 638,Mod634,0,0
Mod639,Tests cabin 639,Mod634,0,0
Mod640,Tests cabin 640,Mod634,0,0
Mod641,Tests cabin 641,Mod634,0,0
Mod642,Tests cabin 642,Mod634,0,0
Mod643,Tests cabin 643,Mod634,0,0
Mod644,Tests cabin 644,Mod634,0,0
Mod645,Tests cabin 645,Mod634,0,0
Mod646,Tests cabin 646,Mod634,0,0
Mod647,Tests cabin 647,Mod634,0,0
Mod648,Tests cabin 648,Mod634,0,0
Mod649,Tests cabin 649,Mod634,0,0
Mod650,Tests autopilot,Mod334,0,10
Mod651,Tests autopilot 651,Mod650,0,0
Mod652,Tests autopilot 652,Mod650,0,0
Mod653,Tests doors,Mod334,0,10
Mod654,Tests doors 654,Mod653,0,0
Mod655,Tests doors 655,Mod653,0,0
Mod656,Tests pressure,Mod334,0,10
Mod657,Tests pressure 657,Mod656,0,0
Mod658,Tests pressure 658,Mod656,0,0
Mod659,Tests defrost,Mod334,0,10
Mod660,Tests defrost 660,Mod659,0,0
Mod661,Tests defrost 661,Mod659,0,0
Mod662,Tests defrost 662,Mod659,0,0
Mod663,Tests defrost 663,Mod659,0,0
Mod664,Tests defrost 664,Mod659,0,0
Mod665,Tests fire,Mod334,0,10
Mod666,Tests fire 666,Mod665,0,0
Mod667,Tests fire 667,Mod665,0,0
Mod668,Tests fire 668,Mod665,0,0
Mod669,Tests elec power,Mod334,0,10
Mod670,Tests elec power 670,Mod669,0,0
Mod671,Tests elec power 671,Mod669,0,0
Mod672,Tests heating cockpit,Mod334,0,10
Mod673,Tests heating cockpit 673,Mod672,0,0
Mod674,hydraulics,Mod334,0,10
Mod675,hydraulics 675,Mod674,0,0
Mod676,hydraulics 676,Mod675,0,0
Mod677,hydraulics 677,Mod675,0,0
Mod678,hydraulics 678,Mod674,0,0
Mod679,hydraulics 679,Mod678,0,0
Mod680,hydraulics 680,Mod678,0,0
Mod681,hydraulics 681,Mod674,0,0
Mod682,hydraulics 682,Mod681,0,0
Mod683,hydraulics 683,Mod681,0,0
Mod688,hydraulics 688,Mod681,0,0
Mod689,hydraulics 689,Mod681,0,0
Mod690,hydraulics 690,Mod674,0,0
Mod691,hydraulics 691,Mod690,0,0
Mod692,hydraulics 692,Mod690,0,0
Mod693,hydraulics 693,Mod674,0,0
Mod694,hydraulics 694,Mod693,0,0
Mod695,hydraulics 695,Mod693,0,0
Mod696,hydraulics 696,Mod674,0,0
Mod697,hydraulics 697,Mod696,0,0
Mod698,hydraulics 698,Mod696,0,0
Mod699,hydraulics 699,Mod674,0,0
Mod700,hydraulics 700,Mod699,0,0
Mod701,hydraulics 701,Mod699,0,0
Mod702,hydraulics 702,Mod674,0,0
Mod703,hydraulics 703,Mod702,0,0
Mod704,hydraulics 704,Mod702,0,0
Mod705,hydraulics 705,Mod674,0,0
Mod706,hydraulics 706,Mod705,0,0
Mod707,hydraulics 707,Mod705,0,0
Mod708,hydraulics 708,Mod705,0,0
Mod709,hydraulics 709,Mod674,0,0
Mod710,hydraulics 710,Mod709,0,0
Mod711,hydraulics 711,Mod709,0,0
Mod712,hydraulics 712,Mod709,0,0
Mod713,hydraulics 713,Mod674,0,0
Mod714,hydraulics 714,Mod713,0,0
Mod715,hydraulics 715,Mod713,0,0
Mod716,hydraulics 716,Mod674,0,0
Mod717,hydraulics 717,Mod716,0,0
Mod718,hydraulics 718,Mod716,0,0
Mod719,hydraulics 719,Mod674,0,0
Mod720,hydraulics 720,Mod719,0,0
Mod721,hydraulics 721,Mod719,0,0
Mod722,hydraulics 722,Mod674,0,0
Mod723,hydraulics 723,Mod674,0,0
Mod724,hydraulics 724,Mod674,0,0
Mod725,hydraulics 725,Mod674,0,0
Mod726,hydraulics 726,Mod674,0,0
Mod727,hydraulics 727,Mod674,0,0
Mod728,hydraulics 728,Mod674,0,0
Mod729,hydraulics 729,Mod674,0,0
Mod730,hydraulics 730,Mod674,0,0
Mod731,hydraulics 731,Mod674,0,0
Mod732,hydraulics 732,Mod674,0,0
Mod733,hydraulics 733,Mod674,0,0
Mod734,hydraulics 734,Mod674,0,0
Mod735,hydraulics 735,Mod674,0,0
Mod736,hydraulics 736,Mod674,0,0
Mod737,hydraulics 737,Mod674,0,0
Mod738,hydraulics 738,Mod674,0,0
Mod739,hydraulics 739,Mod674,0,0
Mod740,hydraulics 740,Mod674,0,0
Mod741,hydraulics 741,Mod674,0,0
Mod742,hydraulics 742,Mod674,0,0
Mod743,hydraulics 743,Mod674,0,0
Mod744,hydraulics 744,Mod674,0,0
Mod745,hydraulics 745,Mod674,0,0
Mod746,hydraulics 746,Mod674,0,0
Mod747,hydraulics 747,Mod674,0,0
Mod748,hydraulics 748,Mod674,0,0
Mod749,hydraulics 749,Mod674,0,0
Mod750,hydraulics 750,Mod674,0,0
Mod751,hydraulics 751,Mod674,0,0
Mod752,hydraulics 752,Mod674,0,0
Mod753,hydraulics 753,Mod674,0,0
Mod754,hydraulics 754,Mod674,0,0
Mod755,Junction elec,Mod334,0,10
Mod756,Junction elec 756,Mod755,0,0
Mod757,Junction elec 757,Mod755,0,0
Mod758,Painting,Mod334,0,10
Mod759,Painting 759,Mod758,0,0
Mod760,Add scaffold,Mod334,0,10
Mod761,Add scaffold 761,Mod760,0,0
Mod762,Add scaffold 762,Mod760,0,0
Mod763,Cargo hold,Mod334,0,10
Mod764,Cargo hold 764,Mod763,0,0
Mod765,Cargo hold 765,Mod763,0,0
Mod766,Cargo hold 766,Mod763,0,0
Mod767,Cargo hold 767,Mod763,0,0
Mod768,Cargo hold 768,Mod763,0,0
Mod769,Cargo hold 769,Mod763,0,0
Mod770,Floor cargo,Mod334,0,10
Mod771,Floor cargo 771,Mod770,0,0
Mod772,Floor cargo 772,Mod771,0,0
Mod773,Floor cargo 773,Mod771,0,0
Mod774,Floor cargo 774,Mod770,0,0
Mod775,Floor cargo 775,Mod774,0,0
Mod776,Floor cargo 776,Mod774,0,0
Mod777,Floor cargo 777,Mod770,0,0
Mod779,Floor cargo 779,Mod770,0,0
Mod780,Floor cargo 780,Mod770,0,0
Mod782,Floor cargo 782,Mod770,0,0
Mod783,Floor cargo 783,Mod770,0,0
Mod784,Floor cargo 784,Mod770,0,0
Mod785,Floor cargo 785,Mod770,0,0
Mod786,Floor cargo 786,Mod770,0,0
Mod787,Floor cargo 787,Mod770,0,0
Mod788,Floor cargo 788,Mod770,0,0
Mod789,Floor cargo 789,Mod770,0,0
Mod791,Floor cargo 791,Mod770,0,0
Mod793,Fuselage,Mod334,0,10
Mod794,Fuselage 794,Mod793,0,0
Mod795,Prep fuel,Mod334,0,10
Mod796,Prep fuel 796,Mod795,0,0
Mod798,Prep fuel 798,Mod795,0,0
Mod800,Prep fuel 800,Mod795,0,0
Mod802,Prep fuel 802,Mod795,0,0
Mod804,Prep fuel 804,Mod795,0,0
Mod806,Prep fuel 806,Mod795,0,0
Mod808,Prep fuel 808,Mod795,0,0
Mod810,Prep fuel 810,Mod795,0,0
Mod812,Prep fuel 812,Mod795,0,0
Mod814,Prep fuel 814,Mod795,0,0
Mod816,Prep fuel 816,Mod795,0,0
Mod818,Prep fuel 818,Mod795,0,0
Mod820,Prep fuel 820,Mod795,0,0
Mod822,Prep fuel 822,Mod795,0,0
Mod824,Prep elec,Mod334,0,10
Mod825,Prep elec 825,Mod824,0,0
Mod826,prep tests,Mod334,0,10
Mod827,prep tests 827,Mod826,0,0
Mod828,Protect fire,Mod334,0,10
Mod829,Protect fire 829,Mod828,0,0
Mod830,Protect fire 830,Mod828,0,0
Mod831,Module 831,Mod334,0,10
Mod832,Tests Radio 832,Mod831,0,0
Mod833,Tests Radio 833,Mod831,0,0
Mod834,Instruments,Mod334,0,10
Mod835,Test landing gear,Mod834,0,0
Mod836,Test landing gear 836,Mod835,0,0
Mod837,Test landing gear 837,Mod835,0,0
Mod838,Test landing gear 838,Mod834,0,0
Mod839,Test landing gear 839,Mod834,0,0
Mod840,Test landing gear 840,Mod834,0,0
Mod841,Test landing gear 841,Mod834,0,0
Mod842,Test landing gear 842,Mod834,0,0
Mod843,Test landing gear 843,Mod834,0,0
Mod844,Test landing gear 844,Mod834,0,0
Mod845,Test landing gear 845,Mod834,0,0
Mod846,Underbelly,Mod334,0,10
Mod847,Underbelly 847,Mod846,0,0
Mod848,Underbelly 848,Mod847,0,0
Mod850,Underbelly 850,Mod847,0,0
Mod851,Underbelly 851,Mod846,0,0
Mod852,Underbelly 852,Mod851,0,0
Mod853,Underbelly 853,Mod851,0,0
Mod854,Underbelly 854,Mod851,0,0
Mod855,Underbelly 855,Mod851,0,0
Mod856,Underbelly 856,Mod846,0,0
Mod857,Underbelly 857,Mod856,0,0
Mod858,Underbelly 858,Mod856,0,0
Mod859,Underbelly 859,Mod846,0,0
Mod860,Underbelly 860,Mod859,0,0
Mod861,Underbelly 861,Mod859,0,0
Mod862,Underbelly 862,Mod846,0,0
Mod863,Underbelly 863,Mod862,0,0
Mod865,Underbelly 865,Mod862,0,0
Mod867,Underbelly 867,Mod846,0,0
Mod868,Underbelly 868,Mod867,0,0
Mod869,Underbelly 869,Mod867,0,0
Mod870,Underbelly 870,Mod846,0,0
Mod871,Underbelly 871,Mod870,0,0
Mod872,Underbelly 872,Mod870,0,0
Mod873,Underbelly 873,Mod846,0,0
Mod874,Underbelly 874,Mod873,0,0
Mod876,Underbelly 876,Mod873,0,0
Mod877,Underbelly 877,Mod846,0,0
Mod878,Underbelly 878,Mod877,0,0
Mod879,Underbelly 879,Mod877,0,0
Mod880,Underbelly 880,Mod846,0,0
Mod881,Underbelly 881,Mod880,0,0
Mod882,Underbelly 882,Mod880,0,0
Mod883,Underbelly 883,Mod880,0,0
Mod885,Underbelly 885,Mod846,0,0
Mod886,Underbelly 886,Mod885,0,0
Mod887,Underbelly 887,Mod885,0,0
Mod888,Underbelly 888,Mod885,0,0
Mod889,Underbelly 889,Mod885,0,0
Mod890,Underbelly 890,Mod846,0,0
Mod891,Underbelly 891,Mod890,0,0
Mod892,Underbelly 892,Mod890,0,0
Mod893,Underbelly 893,Mod846,0,0
Mod894,Underbelly 894,Mod893,0,0
Mod895,Underbelly 895,Mod893,0,0
Mod896,Underbelly 896,Mod846,0,0
Mod897,Underbelly 897,Mod896,0,0
Mod898,Underbelly 898,Mod896,0,0
Mod899,Underbelly 899,Mod896,0,0
Mod900,Underbelly 900,Mod896,0,0
Mod901,Underbelly 901,Mod846,0,0
Mod902,Underbelly 902,Mod901,0,0
Mod903,Underbelly 903,Mod901,0,0
Mod904,Underbelly 904,Mod846,0,0
Mod905,Underbelly 905,Mod904,0,0
Mod906,Underbelly 906,Mod904,0,0
Mod907,Underbelly 907,Mod846,0,0
Mod908,Underbelly 908,Mod907,0,0
Mod909,Underbelly 909,Mod907,0,0
Mod910,Underbelly 910,Mod846,0,0
Mod911,Underbelly 911,Mod846,0,0
Mod912,Underbelly 912,Mod846,0,0
Mod913,Underbelly 913,Mod846,0,0
Mod914,Underbelly 914,Mod846,0,0
Mod915,Underbelly 915,Mod846,0,0
Mod916,Underbelly 916,Mod846,0,0
Mod918,Underbelly 918,Mod846,0,0
Mod919,Underbelly 919,Mod846,0,0
Mod920,Underbelly 920,Mod846,0,0
Mod921,Underbelly 921,Mod846,0,0
Mod922,Underbelly 922,Mod846,0,0
Mod923,Underbelly 923,Mod846,0,0
Mod924,Underbelly 924,Mod846,0,0
Mod925,Underbelly 925,Mod846,0,0
Mod926,Underbelly 926,Mod846,0,0
Mod928,Underbelly 928,Mod846,0,0
Mod929,Underbelly 929,Mod846,0,0
Mod930,Underbelly 930,Mod846,0,0
Mod931,Underbelly 931,Mod846,0,0
Mod932,Underbelly 932,Mod846,0,0
Mod933,Underbelly 933,Mod846,0,0
Mod934,Underbelly 934,Mod846,0,0
Mod936,Underbelly 936,Mod846,0,0
Mod937,Underbelly 937,Mod846,0,0
Mod938,Underbelly 938,Mod846,0,0
Mod939,Underbelly 939,Mod846,0,0
Mod940,Underbelly 940,Mod846,0,0
Mod941,Underbelly 941,Mod846,0,0
Mod942,Underbelly 942,Mod846,0,0
Mod943,Underbelly 943,Mod846,0,0
Mod945,Underbelly 945,Mod846,0,0
Mod946,Underbelly 946,Mod846,0,0
Mod947,Underbelly 947,Mod846,0,0
Mod948,Wing tips,Mod334,0,10
Mod949,Wing tips 949,Mod948,0,0
Mod950,Wing tips 950,Mod949,0,0
Mod951,Wing tips 951,Mod949,0,0
Mod952,Wing tips 952,Mod948,0,0
Mod953,Wing tips 953,Mod952,0,0
Mod954,Wing tips 954,Mod952,0,0
Mod955,Wing tips 955,Mod948,0,0
Mod956,Wing tips 956,Mod948,0,0
Mod957,Wing tips 957,Mod948,0,0
Mod1715,Backlog,Mod334,0,10
Mod1716,Backlog 1716,Mod1715,0,0
Mod1731,Backlog 1731,Mod1715,0,0
Mod1748,Backlog 1748,Mod1715,0,0
Mod1784,Backlog 1784,Mod1715,0,0
Mod1787,Backlog 1787,Mod1715,0,0
Mod1822,Backlog 1822,Mod1715,0,0
Mod1858,Backlog 1858,Mod1715,0,0
Mod1914,Backlog 1914,Mod1715,0,0
Mod1948,Backlog 1948,Mod1715,0,0
Mod1967,Backlog 1967,Mod1715,0,0
Mod1998,Backlog 1998,Mod1715,0,0
Mod2065,Backlog 2065,Mod1715,0,0
Mod2073,Backlog 2073,Mod1715,0,0
Mod2078,Backlog 2078,Mod1715,0,0
Mod2082,Backlog 2082,Mod1715,0,0
Mod2107,Backlog 2107,Mod1715,0,0
Mod2145,Backlog 2145,Mod1715,0,0
Mod2160,Backlog 2160,Mod1715,0,0
Mod2175,Backlog 2175,Mod1715,0,0
Mod2206,Backlog 2206,Mod1715,0,0
Mod2246,Backlog 2246,Mod1715,0,0
Mod2266,Backlog 2266,Mod1715,0,0
Mod2303,Backlog 2303,Mod1715,0,0
